fname,lname,email,email_verified_at,password,is_advisor,rememberToken,created_at,updated_at
Deborah,Lowery,deborahlowery@cybel.com,,password,false,token,2024-02-20 13:06:43,2024-02-20 13:06:43
Samuel,Valentine,samuelvalentine@cybel.com,,password,false,token,2024-02-20 13:06:43,2024-02-20 13:06:43
Nicole,Dudley,nicoledudley@cybel.com,,password,false,token,2024-02-20 13:06:43,2024-02-20 13:06:43
David,Lynn,davidlynn@cybel.com,,password,false,token,2024-02-20 13:06:43,2024-02-20 13:06:43
Michelle,Solomon,michellesolomon@cybel.com,,password,false,token,2024-02-20 13:06:43,2024-02-20 13:06:43
Jessica,Cruz,jessicacruz@cybel.com,,password,false,token,2024-02-20 13:06:43,2024-02-20 13:06:43
Matthew,Mcbride,matthewmcbride@cybel.com,,password,false,token,2024-02-20 13:06:43,2024-02-20 13:06:43
Justin,Dixon,justindixon@cybel.com,,password,false,token,2024-02-20 13:06:43,2024-02-20 13:06:43
Gregory,Ward,gregoryward@cybel.com,,password,false,token,2024-02-20 13:06:43,2024-02-20 13:06:43
Amanda,Norris,amandanorris@cybel.com,,password,false,token,2024-02-20 13:06:43,2024-02-20 13:06:43
Kathleen,Warren,kathleenwarren@cybel.com,,password,false,token,2024-02-20 13:06:43,2024-02-20 13:06:43
Renee,Young,reneeyoung@cybel.com,,password,false,token,2024-02-20 13:06:43,2024-02-20 13:06:43
Joshua,Davis,joshuadavis@cybel.com,,password,false,token,2024-02-20 13:06:43,2024-02-20 13:06:43
Kevin,Lewis,kevinlewis@cybel.com,,password,false,token,2024-02-20 13:06:43,2024-02-20 13:06:43
Beverly,Franklin,beverlyfranklin@cybel.com,,password,false,token,2024-02-20 13:06:43,2024-02-20 13:06:43
Christopher,Hicks,christopherhicks@cybel.com,,password,false,token,2024-02-20 13:06:43,2024-02-20 13:06:43
Zachary,Lloyd,zacharylloyd@cybel.com,,password,false,token,2024-02-20 13:06:43,2024-02-20 13:06:43
Eric,Wiggins,ericwiggins@cybel.com,,password,false,token,2024-02-20 13:06:43,2024-02-20 13:06:43
Aaron,Smith,aaronsmith@cybel.com,,password,false,token,2024-02-20 13:06:43,2024-02-20 13:06:43
David,Barry,davidbarry@cybel.com,,password,false,token,2024-02-20 13:06:43,2024-02-20 13:06:43
Briana,Gates,brianagates@cybel.com,,password,false,token,2024-02-20 13:06:43,2024-02-20 13:06:43
Brendan,Hogan,brendanhogan@cybel.com,,password,false,token,2024-02-20 13:06:43,2024-02-20 13:06:43
Kyle,Sullivan,kylesullivan@cybel.com,,password,false,token,2024-02-20 13:06:43,2024-02-20 13:06:43
Melvin,Davis,melvindavis@cybel.com,,password,false,token,2024-02-20 13:06:43,2024-02-20 13:06:43
Alex,Walton,alexwalton@cybel.com,,password,false,token,2024-02-20 13:06:43,2024-02-20 13:06:43
Tammy,Chan,tammychan@cybel.com,,password,false,token,2024-02-20 13:06:43,2024-02-20 13:06:43
James,Henson,jameshenson@cybel.com,,password,false,token,2024-02-20 13:06:43,2024-02-20 13:06:43
Jake,Campos,jakecampos@cybel.com,,password,false,token,2024-02-20 13:06:43,2024-02-20 13:06:43
James,Newton,jamesnewton@cybel.com,,password,false,token,2024-02-20 13:06:43,2024-02-20 13:06:43
David,Shelton,davidshelton@cybel.com,,password,false,token,2024-02-20 13:06:43,2024-02-20 13:06:43
Valerie,Thompson,valeriethompson@cybel.com,,password,true,token,2024-02-20 13:06:43,2024-02-20 13:06:43
Kimberly,Wolf,kimberlywolf@cybel.com,,password,true,token,2024-02-20 13:06:43,2024-02-20 13:06:43
Jaime,Wilcox,jaimewilcox@cybel.com,,password,true,token,2024-02-20 13:06:43,2024-02-20 13:06:43
Christian,Parks,christianparks@cybel.com,,password,true,token,2024-02-20 13:06:43,2024-02-20 13:06:43
Justin,Tate,justintate@cybel.com,,password,true,token,2024-02-20 13:06:43,2024-02-20 13:06:43
Jason,Miller,jasonmiller@cybel.com,,password,true,token,2024-02-20 13:06:43,2024-02-20 13:06:43
Rhonda,Johnson,rhondajohnson@cybel.com,,password,true,token,2024-02-20 13:06:43,2024-02-20 13:06:43
Beth,Dean,bethdean@cybel.com,,password,true,token,2024-02-20 13:06:43,2024-02-20 13:06:43
Shirley,Mcmillan,shirleymcmillan@cybel.com,,password,true,token,2024-02-20 13:06:43,2024-02-20 13:06:43
Erica,Hicks,ericahicks@cybel.com,,password,true,token,2024-02-20 13:06:43,2024-02-20 13:06:43
John,Richardson,johnrichardson@cybel.com,,password,true,token,2024-02-20 13:06:43,2024-02-20 13:06:43
Albert,Martinez,albertmartinez@cybel.com,,password,true,token,2024-02-20 13:06:43,2024-02-20 13:06:43
Jason,Higgins,jasonhiggins@cybel.com,,password,true,token,2024-02-20 13:06:43,2024-02-20 13:06:43
Sara,Roth,sararoth@cybel.com,,password,true,token,2024-02-20 13:06:43,2024-02-20 13:06:43
Michael,Blair,michaelblair@cybel.com,,password,true,token,2024-02-20 13:06:43,2024-02-20 13:06:43
Michael,Turner,michaelturner@cybel.com,,password,true,token,2024-02-20 13:06:43,2024-02-20 13:06:43
Michelle,Golden,michellegolden@cybel.com,,password,true,token,2024-02-20 13:06:43,2024-02-20 13:06:43
Victoria,Morrow,victoriamorrow@cybel.com,,password,true,token,2024-02-20 13:06:43,2024-02-20 13:06:43
Michael,Byrd,michaelbyrd@cybel.com,,password,true,token,2024-02-20 13:06:43,2024-02-20 13:06:43
Travis,Brown,travisbrown@cybel.com,,password,true,token,2024-02-20 13:06:43,2024-02-20 13:06:43
